score_softmax,score_softmax_last_05,score_softmax_last_20,score_greedy,performance,pi_optimal__flattened,pi_flattened,observations,done,time_this_iter_s,timesteps_total,episodes_total,training_iteration,trial_id,experiment_id,date,timestamp,time_total_s,pid,hostname,node_ip,time_since_restore,timesteps_since_restore,iterations_since_restore,warmup_time
6.672720000000408,7.636800000000509,7.620000000000517,8.00000000000002,"[0.1788 1.5586 2.2132 2.9714 3.5462 4.0388 4.1976 5.4242 4.5918 6.8166
 7.7924 7.796  7.7978 7.6908 7.7832 7.8294 7.638  7.4472 7.5578 7.7428
 7.62   7.8222 7.8252 7.624  7.7436 7.727  7.5786 7.556  7.6882 7.7708
 7.8164 7.7424 7.5598 7.9134 7.6468 7.6368 7.5114 7.7778 7.8748 7.861 ]","Greedy policy found:
 w , w , w , w , n , n , s , s , - , w , w , e , n , e , s , w , s , s , s 
 w , n , s , n , w , e , - , n , s , s , s , s , w , w , s , n , e , s , - 
 s , n , s , - , e , - , - , e , e , s , w , w , w , e , s , w , w , s , s 
 e , - , n , s , n , n , e , e , e , s , s , s , s , n , e , e , w , s , w 
 n , w , w , e , e , - , e , n , e , S , s , w , w , w , e , w , e , w , w 
 n , e , s , e , s , n , n , e , s , s , w , s , s , w , w , w , e , e , s 
 w , n , n , s , s , n , s , s , S , e , S , w , w , n , w , e , s , w , w 
 e , n , e , s , e , n , e , s , n , n , s , s , n , s , s , w , w , w , - 
 n , e , n , w , e , s , s , e , e , s , s , w , s , - , e , e , e , s , w 
 s , w , e , n , s , w , e , e , S , w , W , w , w , w , e , e , s , w , w 
 e , - , - , e , - , w , n , e , s , n , w , w , w , s , - , w , w , w , s 
 s , n , e , e , e , - , s , w , s , w , n , w , n , n , n , w , s , - , - 
 e , s , s , s , e , e , e , e , E , e , S , w , w , w , - , s , - , - , - 
 n , s , e , e , e , - , e , e , n , n , s , n , w , w , w , n , w , w , w 
 s , w , w , s , e , - , e , n , n , e , s , w , s , s , e , w , w , w , e 
 w , w , n , e , w , e , e , e , N , w , S , w , w , w , n , e , s , n , s 
 e , w , n , w , w , e , e , s , n , n , s , n , w , w , - , n , - , - , w 
 w , s , w , e , e , s , n , e , e , N , s , w , w , w , w , - , s , w , - 
 w , w , n , w , e , e , - , n , n , n , n , w , n , n , w , n , w , - , - 
","(A,S) Value function =(361, 5)
Row 0
[[ 0.     0.    -0.008  0.     0.   ]
 [ 0.    -0.009  0.     0.     0.   ]
 [ 0.    -0.007  0.     0.     0.   ]
 [ 0.     0.    -0.022 -0.033 -0.01 ]
 [-0.024 -0.006 -0.021  0.    -0.014]
 [-0.021 -0.022 -0.014 -0.008 -0.019]
 [-0.02  -0.017 -0.021 -0.025 -0.024]
 [-0.03  -0.007 -0.016 -0.035 -0.01 ]
 [-0.024  0.009 -0.018 -0.006  0.013]
 [-0.009 -0.02  -0.033 -0.029 -0.025]
 [-0.024 -0.041 -0.051 -0.042 -0.058]
 [-0.035 -0.033 -0.03  -0.04  -0.061]
 [-0.024 -0.014 -0.022 -0.008 -0.019]
 [-0.02  -0.009 -0.008 -0.013 -0.02 ]
 [-0.003  0.    -0.008  0.     0.   ]
 [ 0.    -0.008 -0.013 -0.017  0.   ]
 [-0.014 -0.011 -0.018 -0.019 -0.022]
 [-0.013  0.    -0.013 -0.009 -0.01 ]
 [-0.008  0.    -0.005 -0.008  0.   ]]
Row 1
[[ 0.     0.     0.    -0.008 -0.004]
 [-0.007 -0.009 -0.007  0.    -0.012]
 [-0.007  0.    -0.021 -0.007  0.   ]
 [-0.007 -0.015 -0.008  0.     0.   ]
 [ 0.    -0.018 -0.012 -0.006 -0.017]
 [-0.012 -0.038  0.    -0.016 -0.014]
 [-0.021 -0.013 -0.014 -0.022 -0.011]
 [-0.022 -0.01  -0.022 -0.009 -0.017]
 [-0.024  0.05  -0.006 -0.023  0.001]
 [-0.015  0.107 -0.033 -0.029  0.006]
 [-0.011  0.005 -0.029 -0.056  0.001]
 [-0.024  0.044 -0.022 -0.037  0.015]
 [ 0.006 -0.018 -0.028 -0.009 -0.025]
 [-0.005 -0.023 -0.024 -0.017 -0.024]
 [-0.024  0.    -0.008 -0.004 -0.009]
 [-0.005 -0.008 -0.034  0.    -0.009]
 [-0.019 -0.007 -0.006 -0.022 -0.009]
 [-0.006  0.     0.     0.     0.   ]
 [ 0.     0.     0.     0.     0.   ]]
Row 2
[[-8.000e-03  0.000e+00 -1.300e-02 -4.000e-03 -1.900e-02]
 [-9.000e-03 -2.300e-02 -1.400e-02 -7.000e-03 -1.200e-02]
 [-1.400e-02  0.000e+00 -8.000e-03 -1.300e-02 -9.000e-03]
 [-1.400e-02 -8.000e-03 -2.800e-02 -7.000e-03  0.000e+00]
 [-1.900e-02 -3.000e-02 -1.400e-02 -1.600e-02 -1.700e-02]
 [-2.100e-02 -2.100e-02 -1.500e-02 -1.300e-02 -8.000e-03]
 [-1.200e-02 -1.800e-02 -4.000e-03 -2.900e-02  0.000e+00]
 [-1.100e-02 -1.500e-02 -0.000e+00 -1.800e-02 -5.000e-03]
 [-2.800e-02  9.900e-02  1.380e-01 -2.000e-02 -6.000e-03]
 [ 2.500e-02  2.024e+00  3.500e-02  3.500e-02  8.100e-02]
 [ 2.070e-01 -2.000e-03 -2.900e-02 -8.000e-03 -5.000e-03]
 [ 7.400e-02 -4.100e-02 -3.500e-02 -8.000e-03 -2.800e-02]
 [-1.000e-02 -1.600e-02 -2.200e-02 -1.500e-02 -2.300e-02]
 [-1.000e-02 -1.200e-02 -8.000e-03 -1.100e-02 -1.100e-02]
 [-3.000e-03  0.000e+00 -8.000e-03 -8.000e-03  0.000e+00]
 [ 0.000e+00 -9.000e-03 -6.000e-03 -8.000e-03 -2.000e-02]
 [ 0.000e+00 -1.200e-02 -6.000e-03 -6.000e-03 -8.000e-03]
 [-7.000e-03  0.000e+00  0.000e+00  0.000e+00 -5.000e-03]
 [-5.000e-03  0.000e+00  0.000e+00  0.000e+00 -7.000e-03]]
Row 3
[[-0.021 -0.014  0.    -0.011 -0.01 ]
 [-0.031 -0.01  -0.015 -0.019 -0.009]
 [-0.019 -0.026 -0.023 -0.007 -0.009]
 [-0.023 -0.012 -0.012 -0.014 -0.024]
 [-0.023 -0.026 -0.04  -0.014 -0.042]
 [-0.055 -0.034 -0.026 -0.012 -0.026]
 [-0.041 -0.028 -0.017 -0.02  -0.028]
 [-0.042 -0.013  0.097 -0.008 -0.017]
 [ 0.049  0.06   0.293 -0.006  0.015]
 [ 0.011  2.076 -0.023  0.098  0.06 ]
 [-0.012  0.101 -0.017 -0.051 -0.032]
 [-0.037 -0.02  -0.03  -0.035 -0.033]
 [-0.042  0.052 -0.015 -0.018 -0.026]
 [-0.027 -0.007 -0.033  0.    -0.015]
 [-0.022 -0.008 -0.007 -0.009 -0.015]
 [-0.008 -0.007  0.    -0.009 -0.019]
 [ 0.    -0.003 -0.005 -0.007  0.   ]
 [-0.004  0.     0.     0.     0.   ]
 [ 0.     0.    -0.018 -0.007  0.   ]]
Row 4
[[-0.009 -0.014 -0.008  0.    -0.01 ]
 [ 0.     0.    -0.011 -0.023 -0.011]
 [-0.007 -0.024 -0.008 -0.043 -0.03 ]
 [-0.032 -0.029  0.    -0.008 -0.009]
 [-0.019 -0.024 -0.013 -0.02  -0.018]
 [-0.026 -0.024 -0.008 -0.021  0.   ]
 [-0.014 -0.027 -0.006 -0.022 -0.023]
 [-0.026 -0.018 -0.018 -0.015 -0.04 ]
 [-0.03  -0.018  0.083  0.08   0.   ]
 [-0.039  1.495  0.069  0.089  0.152]
 [ 0.188  0.21   0.048  0.044 -0.014]
 [ 0.115  0.047 -0.042 -0.025 -0.026]
 [ 0.079 -0.023 -0.025  0.024 -0.039]
 [ 0.011 -0.01  -0.021 -0.023 -0.005]
 [-0.022 -0.02  -0.007 -0.012 -0.008]
 [-0.007 -0.008 -0.008 -0.008 -0.009]
 [-0.008 -0.008  0.     0.    -0.017]
 [ 0.    -0.008  0.     0.     0.   ]
 [ 0.     0.     0.    -0.009  0.   ]]
Row 5
[[-0.017 -0.008 -0.008 -0.008 -0.01 ]
 [-0.015 -0.005  0.    -0.008  0.   ]
 [-0.008 -0.008 -0.008 -0.013 -0.013]
 [-0.016 -0.028 -0.008 -0.025 -0.023]
 [-0.034 -0.014 -0.022 -0.034 -0.023]
 [-0.038 -0.05  -0.022 -0.015 -0.026]
 [-0.051 -0.022 -0.033 -0.006 -0.049]
 [-0.038 -0.011  0.031 -0.042 -0.044]
 [-0.039  0.265  0.033  0.017  0.135]
 [ 0.175  2.082  0.338  0.134  0.376]
 [ 0.388  0.133 -0.024  0.075  0.069]
 [ 0.006  0.142 -0.022 -0.042 -0.01 ]
 [-0.037  0.077 -0.007 -0.016 -0.03 ]
 [ 0.058 -0.011 -0.    -0.014 -0.016]
 [ 0.043 -0.015 -0.021 -0.027 -0.012]
 [-0.007 -0.023 -0.022 -0.009 -0.009]
 [-0.013 -0.014 -0.007 -0.008 -0.009]
 [-0.007 -0.007  0.    -0.008 -0.022]
 [-0.008  0.     0.    -0.008 -0.016]]
Row 6
[[ 0.     0.    -0.014  0.    -0.017]
 [-0.008 -0.02  -0.011 -0.007 -0.017]
 [-0.021 -0.015 -0.012  0.     0.   ]
 [-0.02   0.    -0.035 -0.007 -0.013]
 [-0.016  0.    -0.047 -0.028 -0.026]
 [-0.028 -0.048 -0.036 -0.025 -0.031]
 [-0.037 -0.018 -0.023 -0.037 -0.034]
 [-0.041  0.053 -0.038  0.012 -0.024]
 [-0.036  0.226  0.169 -0.012  0.116]
 [ 0.434  0.187  1.944  0.245  0.102]
 [ 0.256  1.492 -0.04   0.005  0.   ]
 [ 0.421 -0.03  -0.044 -0.017  0.012]
 [ 0.133 -0.018 -0.047 -0.     0.027]
 [-0.024 -0.024 -0.025 -0.023 -0.026]
 [-0.008 -0.028 -0.016 -0.02  -0.047]
 [-0.015 -0.02   0.    -0.015 -0.009]
 [-0.008  0.     0.    -0.007  0.   ]
 [ 0.     0.    -0.008  0.     0.   ]
 [ 0.     0.     0.    -0.018  0.   ]]
Row 7
[[-9.000e-03 -2.000e-02  0.000e+00  0.000e+00 -1.000e-02]
 [-1.600e-02 -2.100e-02 -1.200e-02 -1.200e-02 -1.800e-02]
 [-1.400e-02 -8.000e-03 -7.000e-03 -7.000e-03 -2.900e-02]
 [-8.000e-03 -7.000e-03 -1.700e-02 -8.000e-03 -8.000e-03]
 [-2.000e-02 -4.000e-03  0.000e+00 -2.100e-02 -8.000e-03]
 [-1.900e-02 -2.700e-02 -2.000e-02 -1.400e-02 -3.400e-02]
 [-2.800e-02 -2.500e-02 -6.000e-03 -2.700e-02 -1.500e-02]
 [-2.700e-02  7.100e-02  0.000e+00  2.100e-02  1.000e-03]
 [-1.400e-02  1.710e-01  9.400e-02  4.530e-01 -1.000e-02]
 [ 5.700e-02  1.260e-01  1.620e-01  3.660e-01  1.110e-01]
 [ 8.700e-02  1.451e+00  5.200e-02  7.500e-02  2.960e-01]
 [ 2.500e-02  9.900e-02 -3.600e-02 -1.000e-03  5.700e-02]
 [-2.200e-02 -3.100e-02 -4.000e-02 -1.500e-02 -2.900e-02]
 [-3.700e-02 -1.300e-02 -1.800e-02 -3.000e-02 -1.700e-02]
 [-1.900e-02 -7.000e-03 -1.300e-02 -1.500e-02 -2.800e-02]
 [ 0.000e+00 -2.000e-02 -7.000e-03 -6.000e-03 -9.000e-03]
 [ 0.000e+00  0.000e+00 -7.000e-03  0.000e+00  0.000e+00]
 [ 0.000e+00 -6.000e-03 -8.000e-03  0.000e+00 -8.000e-03]
 [-8.000e-03 -8.000e-03 -9.000e-03 -8.000e-03  0.000e+00]]
Row 8
[[-8.000e-03 -7.000e-03 -2.400e-02 -7.000e-03 -1.400e-02]
 [-1.200e-02 -5.000e-02 -7.000e-03 -2.700e-02 -3.200e-02]
 [-2.200e-02 -7.000e-03 -7.000e-03  0.000e+00  0.000e+00]
 [ 0.000e+00 -7.000e-03  0.000e+00 -1.500e-02 -9.000e-03]
 [-8.000e-03 -1.500e-02  0.000e+00 -7.000e-03 -1.700e-02]
 [-1.600e-02 -8.000e-03 -2.400e-02 -8.000e-03 -2.100e-02]
 [-1.300e-02  1.040e-01  2.000e-03 -2.800e-02 -2.000e-03]
 [ 2.300e-02  4.200e-02  2.230e-01 -1.100e-02  8.600e-02]
 [ 4.500e-02  6.100e-02  4.810e-01  3.200e-01  1.040e-01]
 [ 4.220e-01  1.487e+00  7.700e-02  9.500e-02  9.900e-02]
 [ 2.980e-01  1.618e+00  9.200e-02  5.000e-03  3.400e-02]
 [ 2.260e-01  8.200e-02 -2.700e-02  3.000e-03 -1.000e-03]
 [-1.500e-02 -7.000e-03 -2.100e-02 -3.200e-02 -1.100e-02]
 [-7.000e-03 -1.800e-02 -1.200e-02 -1.400e-02  0.000e+00]
 [-1.400e-02 -6.000e-03  0.000e+00 -1.700e-02  0.000e+00]
 [-8.000e-03 -2.300e-02  0.000e+00  0.000e+00 -1.400e-02]
 [-7.000e-03 -7.000e-03  0.000e+00  0.000e+00  0.000e+00]
 [-7.000e-03  0.000e+00 -8.000e-03  0.000e+00  0.000e+00]
 [ 0.000e+00  0.000e+00  0.000e+00 -1.600e-02 -1.100e-02]]
Row 9
[[-0.008  0.     0.    -0.013 -0.011]
 [ 0.    -0.021 -0.02  -0.034 -0.012]
 [-0.016 -0.014  0.    -0.021 -0.027]
 [-0.015 -0.006 -0.015  0.     0.   ]
 [-0.007  0.    -0.006 -0.013 -0.009]
 [ 0.     0.    -0.014 -0.017 -0.012]
 [-0.018 -0.015  0.238  0.026  0.105]
 [ 0.034  0.16   0.282  0.035  0.03 ]
 [-0.008  1.437  0.3    0.093  0.041]
 [ 1.683  0.083  0.119  1.134  0.171]
 [ 1.144  0.082 -0.008  0.113  0.104]
 [ 0.21  -0.017 -0.015  0.086  0.04 ]
 [ 0.059  0.003 -0.003 -0.014 -0.016]
 [ 0.002 -0.021 -0.006 -0.007 -0.02 ]
 [-0.007 -0.027 -0.006 -0.006 -0.01 ]
 [-0.025 -0.021  0.    -0.009 -0.004]
 [-0.007  0.    -0.007 -0.007 -0.008]
 [ 0.     0.    -0.004 -0.007  0.   ]
 [ 0.     0.     0.     0.    -0.004]]
Row 10
[[-0.008 -0.008 -0.007 -0.008 -0.012]
 [-0.014 -0.012 -0.007 -0.014  0.   ]
 [-0.014 -0.007 -0.014 -0.009  0.   ]
 [-0.007 -0.006  0.    -0.018  0.   ]
 [ 0.     0.     0.     0.     0.   ]
 [ 0.    -0.009 -0.007 -0.007  0.   ]
 [-0.013 -0.014 -0.007  0.036  0.014]
 [-0.006 -0.015  0.188  0.126 -0.024]
 [ 0.023  1.291  0.005  0.274  0.095]
 [ 0.031  0.14   0.129  0.29   0.152]
 [ 0.371  0.212 -0.003  0.054  0.087]
 [ 0.142  0.02  -0.029 -0.003  0.008]
 [ 0.041 -0.012 -0.028  0.016  0.007]
 [-0.016 -0.006 -0.024 -0.013 -0.022]
 [-0.023 -0.006 -0.021 -0.012  0.   ]
 [-0.007 -0.023 -0.022 -0.017 -0.027]
 [-0.007 -0.007 -0.008 -0.012 -0.019]
 [ 0.     0.    -0.008 -0.005  0.   ]
 [-0.005  0.    -0.007  0.    -0.009]]
Row 11
[[-0.009  0.     0.    -0.008 -0.004]
 [-0.004 -0.008 -0.006  0.     0.   ]
 [-0.006 -0.012  0.    -0.015 -0.007]
 [-0.008 -0.01   0.    -0.016 -0.009]
 [-0.006 -0.009  0.     0.     0.   ]
 [-0.012 -0.007 -0.013 -0.012  0.   ]
 [-0.03   0.099 -0.007  0.008 -0.022]
 [ 0.072 -0.02   0.04   0.052 -0.011]
 [ 0.034  0.695  0.162  0.38   0.214]
 [ 0.491  0.134  0.1    0.049  0.113]
 [ 0.087  0.209  0.043  0.214  0.112]
 [ 0.097  0.009 -0.016  0.044  0.075]
 [ 0.002 -0.014 -0.016  0.011 -0.005]
 [-0.011 -0.007 -0.014 -0.007 -0.024]
 [-0.014 -0.019 -0.015 -0.006 -0.018]
 [-0.007 -0.009 -0.014 -0.015 -0.008]
 [-0.008  0.     0.    -0.012  0.   ]
 [ 0.     0.     0.     0.     0.   ]
 [ 0.     0.     0.     0.     0.   ]]
Row 12
[[-0.012 -0.013  0.     0.     0.   ]
 [-0.016  0.     0.     0.    -0.009]
 [-0.008  0.    -0.005 -0.013 -0.009]
 [-0.016  0.    -0.008 -0.023 -0.017]
 [-0.02  -0.008  0.    -0.005 -0.009]
 [-0.016 -0.007  0.004  0.    -0.012]
 [-0.007 -0.006  0.156 -0.017 -0.031]
 [-0.026 -0.007  0.383  0.051  0.262]
 [ 0.002  0.093  1.11   0.217  0.148]
 [ 0.47   0.177  0.511  0.223  0.188]
 [ 0.284  0.382  0.058  0.205  0.186]
 [ 0.25  -0.026 -0.005  0.003  0.008]
 [ 0.003 -0.011 -0.016 -0.005  0.   ]
 [-0.003 -0.019 -0.014 -0.017 -0.038]
 [-0.014 -0.008 -0.013 -0.028  0.   ]
 [-0.013  0.     0.    -0.007 -0.015]
 [ 0.     0.     0.     0.     0.   ]
 [ 0.     0.     0.     0.     0.   ]
 [ 0.     0.     0.     0.     0.   ]]
Row 13
[[-0.009 -0.01  -0.007  0.    -0.005]
 [-0.005  0.     0.     0.    -0.007]
 [-0.002 -0.006  0.     0.    -0.007]
 [-0.006 -0.008  0.    -0.015 -0.009]
 [-0.014 -0.015  0.     0.     0.   ]
 [-0.007 -0.003 -0.008 -0.007  0.   ]
 [-0.004 -0.012  0.034 -0.022 -0.007]
 [-0.015 -0.016  0.221  0.027  0.071]
 [ 0.063  0.069  0.331  0.47   0.102]
 [ 0.141  0.322  0.221  0.335  0.134]
 [ 0.184  0.382  0.133  0.012  0.072]
 [ 0.025  0.     0.045  0.26  -0.016]
 [ 0.126  0.06  -0.019 -0.029  0.033]
 [ 0.01  -0.012 -0.012 -0.024 -0.038]
 [-0.005 -0.007 -0.014 -0.014 -0.009]
 [-0.013 -0.006 -0.008  0.     0.   ]
 [ 0.     0.    -0.008  0.     0.   ]
 [ 0.    -0.013  0.     0.    -0.016]
 [ 0.    -0.012  0.     0.    -0.009]]
Row 14
[[-0.009  0.    -0.005  0.    -0.007]
 [ 0.     0.    -0.005  0.     0.   ]
 [ 0.    -0.006 -0.009 -0.01   0.   ]
 [-0.016 -0.013 -0.029 -0.015 -0.024]
 [-0.026 -0.05  -0.007 -0.011 -0.035]
 [-0.017 -0.026 -0.021 -0.014 -0.004]
 [-0.05  -0.037  0.05   0.022 -0.044]
 [-0.001 -0.012  0.065  0.104  0.006]
 [ 0.022  0.052  0.139  0.332  0.074]
 [ 0.102  0.161  0.347  0.305  0.237]
 [ 0.315  0.435  0.238  0.153  0.143]
 [ 0.147  0.117 -0.024  0.049  0.073]
 [-0.016  0.062 -0.013  0.012 -0.04 ]
 [-0.01   0.008 -0.019 -0.012 -0.021]
 [-0.013 -0.009  0.    -0.014  0.   ]
 [ 0.    -0.008  0.    -0.013  0.   ]
 [ 0.    -0.012  0.     0.    -0.011]
 [ 0.    -0.008 -0.011 -0.007  0.   ]
 [-0.007 -0.02   0.    -0.016 -0.018]]
Row 15
[[ 0.    -0.004  0.     0.    -0.007]
 [ 0.     0.    -0.004  0.     0.   ]
 [-0.005 -0.031 -0.013  0.    -0.007]
 [-0.023 -0.03   0.    -0.026 -0.021]
 [-0.014 -0.045 -0.029 -0.044 -0.043]
 [-0.048 -0.05   0.008 -0.024 -0.034]
 [-0.034 -0.015  0.047 -0.026 -0.033]
 [-0.031  0.007  0.061  0.041 -0.004]
 [ 0.02   0.062  0.134  0.188  0.068]
 [ 0.409  0.328  0.251  0.196  0.206]
 [ 0.267  0.368  0.044  0.195  0.157]
 [ 0.443  0.187  0.039  0.03   0.286]
 [ 0.189  0.097 -0.02  -0.017  0.036]
 [ 0.117 -0.021 -0.022 -0.022  0.008]
 [-0.012 -0.02  -0.026 -0.011 -0.016]
 [-0.02  -0.007 -0.002 -0.014 -0.018]
 [-0.007  0.    -0.006 -0.016 -0.011]
 [-0.007 -0.019 -0.008 -0.007 -0.013]
 [-0.017  0.    -0.027 -0.016 -0.023]]
Row 16
[[-0.004 -0.006  0.    -0.006  0.   ]
 [ 0.     0.    -0.026  0.    -0.018]
 [-0.024 -0.022 -0.025 -0.02  -0.053]
 [-0.017 -0.02  -0.021 -0.029 -0.028]
 [-0.026 -0.034 -0.032 -0.051 -0.036]
 [-0.04  -0.043 -0.032 -0.046 -0.048]
 [-0.043 -0.037  0.07  -0.021 -0.035]
 [-0.058  0.08   0.057 -0.015 -0.036]
 [ 0.005  0.159  0.164  0.168  0.164]
 [ 0.232  0.3    0.138  0.487  0.332]
 [ 0.181  0.419  0.032  0.161  0.084]
 [ 0.172  0.007  0.02   0.318 -0.017]
 [ 0.15   0.017 -0.047  0.056 -0.019]
 [-0.008 -0.033 -0.044 -0.02  -0.051]
 [-0.014 -0.03  -0.031 -0.027 -0.005]
 [-0.019 -0.022 -0.015 -0.006 -0.03 ]
 [-0.008 -0.006 -0.015 -0.007  0.   ]
 [-0.007 -0.023 -0.023 -0.014  0.   ]
 [ 0.    -0.016 -0.027 -0.012 -0.027]]
Row 17
[[ 0.     0.    -0.005 -0.013  0.   ]
 [-0.005  0.    -0.01  -0.009 -0.017]
 [-0.007 -0.026 -0.016 -0.022 -0.028]
 [-0.025 -0.028 -0.015 -0.021 -0.028]
 [-0.034 -0.055 -0.018 -0.037 -0.063]
 [-0.049 -0.038 -0.038 -0.04  -0.05 ]
 [-0.061 -0.064 -0.027  0.013 -0.041]
 [-0.052 -0.069  0.235 -0.029 -0.046]
 [-0.051 -0.046  0.452  0.204  0.035]
 [ 0.106  0.015  0.118  0.452  0.077]
 [ 0.637  0.74   0.192  0.045  0.379]
 [ 0.373 -0.047  0.091  0.001  0.027]
 [ 0.358 -0.01  -0.044 -0.034 -0.014]
 [ 0.128 -0.069  0.013 -0.054 -0.019]
 [ 0.041 -0.033 -0.039 -0.018 -0.028]
 [-0.021 -0.025 -0.023 -0.021 -0.021]
 [-0.021  0.    -0.021 -0.007 -0.009]
 [-0.008 -0.018 -0.025 -0.03  -0.017]
 [-0.02  -0.021 -0.029 -0.019 -0.013]]
Row 18
[[ 0.     0.     0.    -0.006 -0.008]
 [-0.008 -0.015 -0.009 -0.017 -0.017]
 [-0.033 -0.029 -0.009 -0.008 -0.009]
 [-0.014 -0.04  -0.031 -0.016 -0.019]
 [-0.028 -0.027 -0.027 -0.048 -0.038]
 [-0.033 -0.03  -0.022 -0.042 -0.036]
 [-0.044 -0.047 -0.041 -0.053 -0.034]
 [-0.064 -0.08  -0.057 -0.03  -0.077]
 [-0.07  -0.088 -0.03   0.039 -0.077]
 [-0.012 -0.031 -0.037  0.08  -0.05 ]
 [-0.012  0.002 -0.069  0.341 -0.03 ]
 [-0.003 -0.08  -0.059 -0.048 -0.066]
 [-0.027 -0.065 -0.05  -0.022 -0.038]
 [-0.032 -0.073 -0.036 -0.02  -0.03 ]
 [-0.02  -0.035 -0.024 -0.029 -0.027]
 [-0.015 -0.01  -0.034 -0.008 -0.013]
 [-0.008 -0.019 -0.029 -0.015 -0.02 ]
 [-0.013 -0.027 -0.018 -0.021  0.   ]
 [-0.007 -0.022 -0.021 -0.022  0.   ]]
","[[(47, 0), (48, 2), (29, 3), (28, 0), (27, 0), (46, 1), (65, 1), (66, 2), (65, 0), (46, 3), (27, 3), (28, 2), (29, 2), (30, 2), (29, 0), (10, 3), (9, 0), (9, 0), (28, 1), (28, 1), (28, 1), (27, 0), (27, 0), (27, 0), (8, 3), (8, 3), (9, 2), (9, 3), (8, 0), (8, 3), (9, 2), (8, 0), (27, 1), (46, 1), (65, 1), (66, 2), (85, 1), (85, 1), (84, 0), (84, 0), (103, 1), (102, 0), (121, 1), (140, 1), (159, 1), (178, 1), (178, 1), (178, 1), (177, 0), (158, 3), (159, 2), (140, 3), (141, 2), (141, 2), (141, 2), (142, 2), (143, 2), (144, 2), (144, 2), (125, 3), (126, 2), (107, 3), (88, 3), (88, 3), (69, 3), (69, 3), (88, 1), (69, 3), (70, 2), (70, 2), (69, 0), (50, 3), (50, 3), (31, 3), (50, 1), (50, 1), (31, 3), (50, 1), (50, 1), (51, 2), (50, 0), (51, 2), (70, 1), (69, 0), (50, 3), (31, 3), (31, 3), (30, 0), (30, 0), (29, 0), (28, 0), (28, 0), (27, 0), (46, 1), (27, 3), (28, 2), (27, 0), (28, 2), (47, 1), (28, 3), (9, 3)], [(47, 0), (66, 1), (85, 1), (86, 2), (67, 3), (68, 2), (68, 2), (49, 3), (68, 1), (69, 2), (69, 2), (50, 3), (69, 1), (88, 1), (88, 1), (89, 2), (88, 0), (88, 0), (107, 1), (107, 1), (107, 1), (107, 1), (108, 2), (107, 0), (88, 3), (69, 3), (88, 1), (107, 1), (107, 1), (108, 2), (89, 3), (89, 3), (108, 1), (108, 1), (127, 1), (128, 2), (109, 3), (108, 0), (109, 2), (128, 1), (109, 3), (90, 3), (91, 2), (91, 2), (90, 0), (109, 1), (90, 3), (71, 3), (70, 0), (71, 2), (52, 3), (33, 3), (32, 0), (13, 3), (13, 3), (13, 3), (12, 0), (13, 2), (12, 0), (12, 3), (13, 2), (13, 2), (13, 3), (12, 0), (13, 2), (14, 2), (15, 2), (15, 3), (14, 0), (14, 3), (33, 1), (33, 1), (52, 1), (53, 2), (54, 2), (73, 1), (74, 2), (74, 2), (74, 2), (74, 2), (73, 0), (72, 0), (72, 0), (72, 0), (91, 1), (90, 0), (91, 2), (90, 0), (109, 1), (110, 2), (111, 2), (130, 1), (129, 0), (128, 0), (129, 2), (130, 2), (131, 2), (130, 0), (149, 1), (149, 1), (149, 1)], [(47, 0), (66, 1), (85, 1), (84, 0), (84, 0), (85, 2), (104, 1), (85, 3), (86, 2), (105, 1), (86, 3), (85, 0), (86, 2), (105, 1), (104, 0), (85, 3), (104, 1), (105, 2), (124, 1), (143, 1), (142, 0), (143, 2), (162, 1), (181, 1), (162, 3), (161, 0), (180, 1), (179, 0), (179, 0), (178, 0), (179, 2), (160, 3), (161, 2), (180, 1), (199, 1), (199, 1), (180, 3), (181, 2), (200, 1), (201, 2), (220, 1), (239, 1), (240, 2), (221, 3), (240, 1), (240, 1), (221, 3), (221, 3), (222, 2), (222, 2), (241, 1), (222, 3), (223, 2), (204, 3), (203, 0), (204, 2), (205, 2), (206, 2), (225, 1), (244, 1), (245, 2), (244, 0), (245, 2), (226, 3), (207, 3), (188, 3), (169, 3), (170, 2), (169, 0), (170, 2), (151, 3), (151, 3), (132, 3), (151, 1), (150, 0), (131, 3), (150, 1), (151, 2), (151, 2), (151, 2), (151, 2), (151, 2), (151, 2), (151, 2), (151, 2), (151, 2), (170, 1), (170, 1), (189, 1), (208, 1), (207, 0), (208, 2), (208, 2), (208, 2), (207, 0), (206, 0), (187, 3), (187, 3), (206, 1), (205, 0), (186, 3)], [(47, 0), (66, 1), (85, 1), (104, 1), (123, 1), (124, 2), (124, 2), (124, 2), (125, 2), (124, 0), (143, 1), (124, 3), (125, 2), (106, 3), (87, 3), (87, 3), (86, 0), (85, 0), (66, 3), (85, 1), (104, 1), (123, 1), (124, 2), (125, 2), (125, 2), (126, 2), (107, 3), (88, 3), (69, 3), (70, 2), (69, 0), (50, 3), (50, 3), (50, 3), (69, 1), (70, 2), (69, 0), (69, 0), (88, 1), (87, 0), (86, 0), (85, 0), (84, 0), (65, 3), (84, 1), (85, 2), (86, 2), (86, 2), (86, 2), (105, 1), (104, 0), (85, 3), (85, 3), (104, 1), (123, 1), (124, 2), (124, 2), (123, 0), (122, 0), (103, 3), (104, 2), (105, 2), (124, 1), (143, 1), (144, 2), (144, 2), (163, 1), (162, 0), (163, 2), (182, 1), (183, 2), (183, 2), (202, 1), (221, 1), (202, 3), (201, 0), (220, 1), (221, 2), (220, 0), (239, 1), (238, 0), (239, 2), (258, 1), (259, 2), (240, 3), (240, 3), (241, 2), (222, 3), (221, 0), (202, 3), (202, 3), (183, 3), (183, 3), (202, 1), (201, 0), (200, 0), (200, 0), (181, 3), (180, 0), (199, 1), (200, 2)], [(47, 0), (66, 1), (85, 1), (104, 1), (123, 1), (124, 2), (123, 0), (104, 3), (105, 2), (124, 1), (105, 3), (104, 0), (85, 3), (104, 1), (123, 1), (124, 2), (124, 2), (124, 2), (123, 0), (142, 1), (141, 0), (160, 1), (161, 2), (180, 1), (179, 0), (179, 0), (198, 1), (197, 0), (178, 3), (179, 2), (178, 0), (159, 3), (159, 3), (160, 2), (141, 3), (160, 1), (161, 2), (180, 1), (179, 0), (160, 3), (159, 0), (160, 2), (160, 2), (179, 1), (180, 2), (181, 2), (182, 2), (181, 0), (162, 3), (143, 3), (162, 1), (181, 1), (162, 3), (162, 3), (162, 3), (161, 0), (142, 3), (141, 0), (122, 3), (141, 1), (122, 3), (141, 1), (141, 1), (141, 1), (141, 1), (122, 3), (141, 1), (160, 1), (161, 2), (180, 1), (179, 0), (160, 3), (179, 1), (180, 2), (181, 2), (180, 0), (199, 1), (200, 2), (201, 2), (200, 0), (201, 2), (220, 1), (220, 1), (239, 1), (220, 3), (221, 2), (202, 3), (221, 1), (202, 3), (202, 3), (202, 3), (201, 0), (201, 0), (182, 3), (163, 3), (163, 3), (182, 1), (182, 1), (181, 0), (180, 0), (199, 1)], [(47, 0), (66, 1), (85, 1), (104, 1), (123, 1), (124, 2), (123, 0), (104, 3), (105, 2), (124, 1), (143, 1), (162, 1), (162, 1), (181, 1), (162, 3), (162, 3), (163, 2), (182, 1), (181, 0), (181, 0), (181, 0), (182, 2), (183, 2), (182, 0), (163, 3), (182, 1), (183, 2), (184, 2), (165, 3), (165, 3), (166, 2), (147, 3), (147, 3), (128, 3), (129, 2), (128, 0), (147, 1), (166, 1), (185, 1), (204, 1), (203, 0), (203, 0), (203, 0), (222, 1), (241, 1), (240, 0), (240, 0), (240, 0), (259, 1), (240, 3), (221, 3), (240, 1), (241, 2), (260, 1), (241, 3), (242, 2), (223, 3), (224, 2), (223, 0), (224, 2), (225, 2), (224, 0), (224, 0), (224, 0), (205, 3), (224, 1), (225, 2), (244, 1), (263, 1), (244, 3), (225, 3), (226, 2), (226, 2), (226, 2), (245, 1), (226, 3), (245, 1), (226, 3), (226, 3), (207, 3), (207, 3), (188, 3), (207, 1), (226, 1), (225, 0), (206, 3), (187, 3), (188, 2), (169, 3), (170, 2), (189, 1), (189, 2), (188, 0), (188, 0), (207, 1), (226, 1), (245, 1), (244, 0), (244, 0), (263, 1), (264, 2)], [(47, 0), (66, 1), (85, 1), (85, 1), (104, 1), (123, 1), (124, 2), (125, 2), (125, 2), (124, 0), (123, 0), (104, 3), (123, 1), (124, 2), (143, 1), (162, 1), (181, 1), (182, 2), (183, 2), (183, 2), (202, 1), (183, 3), (182, 0), (181, 0), (181, 0), (180, 0), (180, 0), (180, 0), (179, 0), (180, 2), (181, 2), (200, 1), (199, 0), (180, 3), (179, 0), (198, 1), (217, 1), (236, 1), (235, 0), (216, 3), (216, 3), (217, 2), (218, 2), (219, 2), (238, 1), (237, 0), (238, 2), (237, 0), (236, 0), (255, 1), (274, 1), (275, 2), (274, 0), (273, 0), (273, 0), (272, 0), (271, 0), (271, 0), (271, 0), (252, 3), (252, 3), (252, 3), (252, 3), (251, 0), (270, 1), (271, 2), (272, 2), (253, 3), (253, 3), (254, 2), (273, 1), (272, 0), (272, 0), (272, 0), (291, 1), (291, 1), (292, 2), (293, 2), (292, 0), (292, 0), (292, 0), (291, 0), (310, 1), (309, 0), (308, 0), (289, 3), (289, 3), (288, 0), (307, 1), (307, 1), (306, 0), (287, 3), (287, 3), (288, 2), (269, 3), (269, 3), (268, 0), (268, 0), (268, 0), (249, 3), (268, 1)], [(47, 0), (66, 1), (85, 1), (104, 1), (123, 1), (124, 2), (143, 1), (162, 1), (181, 1), (180, 0), (161, 3), (180, 1), (179, 0), (180, 2), (181, 2), (200, 1), (219, 1), (238, 1), (237, 0), (238, 2), (219, 3), (218, 0), (237, 1), (218, 3), (217, 0), (198, 3), (217, 1), (236, 1), (236, 1), (237, 2), (218, 3), (219, 2), (238, 1), (239, 2), (239, 2), (238, 0), (237, 0), (256, 1), (255, 0), (256, 2), (255, 0), (256, 2), (275, 1), (276, 2), (295, 1), (314, 1), (314, 1), (314, 1), (315, 2), (314, 0), (313, 0), (312, 0), (313, 2), (294, 3), (275, 3), (294, 1), (295, 2), (295, 2), (296, 2), (297, 2), (296, 0), (295, 0), (276, 3), (257, 3), (276, 1), (295, 1), (294, 0), (295, 2), (296, 2), (295, 0), (295, 0), (295, 0), (295, 0), (295, 0), (294, 0), (294, 0), (293, 0), (274, 3), (255, 3), (255, 3), (274, 1), (293, 1), (292, 0), (273, 3), (274, 2), (293, 1), (274, 3), (274, 3), (274, 3), (274, 3), (273, 0), (274, 2), (275, 2), (276, 2), (275, 0), (275, 0), (256, 3), (237, 3), (236, 0), (237, 2), (238, 2)], [(47, 0), (66, 1), (85, 1), (104, 1), (123, 1), (124, 2), (143, 1), (162, 1), (181, 1), (200, 1), (219, 1), (238, 1), (219, 3), (238, 1), (238, 1), (237, 0), (236, 0), (235, 0), (254, 1), (253, 0), (272, 1), (273, 2), (292, 1), (293, 2), (312, 1), (312, 1), (293, 3), (294, 2), (275, 3), (294, 1), (295, 2), (276, 3), (257, 3), (238, 3), (257, 1), (256, 0), (257, 2), (257, 2), (238, 3), (237, 0), (236, 0), (217, 3), (216, 0), (216, 0), (217, 2), (218, 2), (219, 2), (238, 1), (238, 1), (238, 1), (219, 3), (220, 2), (220, 2), (219, 0), (218, 0), (199, 3), (218, 1), (217, 0), (198, 3), (217, 1), (236, 1), (237, 2), (238, 2), (239, 2), (258, 1), (258, 1), (239, 3), (239, 3), (238, 0), (237, 0), (236, 0), (255, 1), (254, 0), (273, 1), (272, 0), (253, 3), (254, 2), (255, 2), (236, 3), (255, 1), (255, 1), (254, 0), (273, 1), (254, 3), (254, 3), (255, 2), (274, 1), (273, 0), (273, 0), (254, 3), (235, 3), (254, 1), (254, 1), (273, 1), (274, 2), (275, 2), (276, 2), (295, 1), (314, 1), (333, 1), (352, 1)], [(47, 0), (66, 1), (85, 1), (104, 1), (123, 1), (124, 2), (143, 1), (162, 1), (181, 1), (180, 0), (161, 3), (180, 1), (179, 0), (198, 1), (217, 1), (236, 1), (237, 2), (238, 2), (239, 2), (220, 3), (219, 0), (200, 3), (199, 0), (200, 2), (219, 1), (238, 1), (239, 2), (240, 2), (241, 2), (260, 1), (260, 1), (260, 1), (259, 0), (240, 3), (239, 0), (240, 2), (240, 2), (241, 2), (222, 3), (221, 0), (240, 1), (240, 1), (259, 1), (260, 2), (279, 1), (280, 2), (299, 1), (299, 1), (280, 3), (279, 0), (260, 3), (261, 2), (260, 0), (259, 0), (258, 0), (277, 1), (296, 1), (295, 0), (294, 0), (293, 0), (312, 1), (331, 1), (312, 3), (313, 2), (312, 0), (293, 3), (312, 1), (331, 1), (332, 2), (333, 2), (332, 0), (351, 1), (352, 2), (352, 1), (333, 3), (352, 1), (351, 0), (350, 0), (351, 2), (352, 2), (351, 0), (352, 2), (352, 1), (352, 1), (333, 3), (314, 3), (295, 3), (294, 0), (293, 0), (274, 3), (293, 1), (274, 3), (275, 2), (294, 1), (295, 2), (314, 1), (314, 1), (314, 1), (313, 0), (314, 2), (314, 2)], [(47, 0), (66, 1), (85, 1), (104, 1), (123, 1), (124, 2), (143, 1), (162, 1), (181, 1), (180, 0), (161, 3), (180, 1), (179, 0), (198, 1), (217, 1), (236, 1), (237, 2), (238, 2), (237, 0), (236, 0), (255, 1), (256, 2), (275, 1), (276, 2), (295, 1), (294, 0), (293, 0), (312, 1), (331, 1), (332, 2), (331, 0), (312, 3), (312, 3), (311, 0), (292, 3), (311, 1), (310, 0), (291, 3), (310, 1), (291, 3), (272, 3), (273, 2), (272, 0), (273, 2), (273, 2), (292, 1), (311, 1), (310, 0), (311, 2), (310, 0), (310, 0), (309, 0), (309, 0), (308, 0), (289, 3), (288, 0), (288, 0), (289, 2), (290, 2), (289, 0), (288, 0), (287, 0), (286, 0), (305, 1), (304, 0), (305, 2), (324, 1), (324, 1), (323, 0), (304, 3), (304, 3), (305, 2), (286, 3), (287, 2), (268, 3), (269, 2), (268, 0), (268, 0), (267, 0), (266, 0), (285, 1), (286, 2), (286, 2), (267, 3), (248, 3), (249, 2), (249, 2), (248, 0), (267, 1), (268, 2), (249, 3), (248, 0), (248, 0), (247, 0), (247, 0), (247, 0), (228, 3), (247, 1), (266, 1), (266, 1), (266, 0)], [(47, 0), (66, 1), (85, 1), (104, 1), (123, 1), (124, 2), (143, 1), (162, 1), (181, 1), (180, 0), (161, 3), (180, 1), (179, 0), (198, 1), (217, 1), (236, 1), (237, 2), (238, 2), (237, 0), (236, 0), (255, 1), (256, 2), (275, 1), (276, 2), (295, 1), (294, 0), (293, 0), (312, 1), (331, 1), (350, 1), (331, 3), (350, 1), (351, 2), (332, 3), (331, 0), (332, 2), (313, 3), (314, 2), (314, 2), (314, 2), (314, 2), (314, 2), (333, 1), (314, 3), (333, 1), (333, 1), (352, 1), (351, 0), (332, 3), (333, 2), (334, 2), (315, 3), (296, 3), (296, 3), (295, 0), (314, 1), (314, 1), (313, 0), (312, 0), (312, 0), (293, 3), (294, 2), (275, 3), (294, 1), (295, 2), (294, 0), (293, 0), (312, 1), (312, 1), (293, 3), (312, 1), (331, 1), (332, 2), (351, 1), (352, 2), (333, 3), (314, 3), (313, 0), (312, 0), (313, 2), (294, 3), (293, 0), (312, 1), (331, 1), (332, 2), (313, 3), (312, 0), (293, 3), (274, 3), (273, 0), (254, 3), (235, 3), (236, 2), (255, 1), (256, 2), (275, 1), (276, 2), (295, 1), (294, 0), (293, 0), (312, 1)], [(47, 0), (66, 1), (85, 1), (104, 1), (123, 1), (124, 2), (143, 1), (162, 1), (181, 1), (180, 0), (161, 3), (180, 1), (179, 0), (198, 1), (217, 1), (236, 1), (237, 2), (238, 2), (237, 0), (236, 0), (255, 1), (256, 2), (275, 1), (276, 2), (295, 1), (294, 0), (313, 1), (312, 0), (293, 3), (312, 1), (311, 0), (310, 0), (310, 0), (311, 2), (292, 3), (291, 0), (291, 0), (291, 0), (292, 2), (293, 2), (292, 0), (291, 0), (272, 3), (291, 1), (272, 3), (271, 0), (271, 0), (270, 0), (271, 2), (272, 2), (253, 3), (234, 3), (253, 1), (252, 0), (252, 0), (233, 3), (232, 0), (213, 3), (232, 1), (231, 0), (250, 1), (251, 2), (251, 2), (270, 1), (251, 3), (251, 3), (270, 1), (289, 1), (288, 0), (307, 1), (308, 2), (307, 0), (308, 2), (327, 1), (328, 2), (347, 1), (348, 2), (348, 1), (348, 1), (348, 1), (349, 2), (349, 1), (330, 3), (329, 0), (328, 0), (327, 0), (346, 1), (347, 2), (347, 2), (348, 2), (329, 3), (310, 3), (311, 2), (312, 2), (293, 3), (312, 1), (331, 1), (332, 2), (313, 3), (312, 0), (312, 0)], [(47, 0), (66, 1), (85, 1), (104, 1), (123, 1), (124, 2), (143, 1), (162, 1), (181, 1), (180, 0), (161, 3), (180, 1), (179, 0), (198, 1), (217, 1), (236, 1), (237, 2), (238, 2), (237, 0), (236, 0), (255, 1), (256, 2), (275, 1), (276, 2), (295, 1), (294, 0), (313, 1), (312, 0), (293, 3), (312, 1), (312, 1), (312, 1), (331, 1), (332, 2), (313, 3), (294, 3), (295, 2), (295, 2), (295, 2), (294, 0), (313, 1), (312, 0), (293, 3), (312, 1), (312, 1), (331, 1), (332, 2), (333, 2), (334, 2), (334, 2), (353, 1), (334, 3), (333, 0), (333, 0), (332, 0), (333, 2), (333, 2), (334, 2), (333, 0), (333, 0), (333, 0), (334, 2), (333, 0), (352, 1), (353, 2), (352, 0), (352, 0), (352, 1), (353, 2), (334, 3), (333, 0), (352, 1), (352, 1), (333, 3), (314, 3), (333, 1), (332, 0), (332, 0), (332, 0), (332, 0), (313, 3), (332, 1), (351, 1), (351, 1), (332, 3), (333, 2), (352, 1), (352, 1), (333, 3), (334, 2), (335, 2), (335, 2), (334, 0), (335, 2), (336, 2), (355, 1), (336, 3), (337, 2), (336, 0), (317, 3), (298, 3)], [(47, 0), (66, 1), (85, 1), (104, 1), (123, 1), (124, 2), (143, 1), (162, 1), (181, 1), (180, 0), (161, 3), (180, 1), (179, 0), (198, 1), (217, 1), (236, 1), (237, 2), (238, 2), (237, 0), (236, 0), (255, 1), (256, 2), (275, 1), (276, 2), (295, 1), (296, 2), (297, 2), (278, 3), (278, 3), (277, 0), (258, 3), (257, 0), (256, 0), (256, 0), (275, 1), (276, 2), (295, 1), (294, 0), (293, 0), (293, 0), (274, 3), (275, 2), (276, 2), (295, 1), (294, 0), (293, 0), (292, 0), (273, 3), (254, 3), (255, 2), (256, 2), (275, 1), (276, 2), (295, 1), (294, 0), (293, 0), (312, 1), (293, 3), (312, 1), (311, 0), (312, 2), (331, 1), (332, 2), (313, 3), (294, 3), (295, 2), (295, 2), (294, 0), (313, 1), (313, 1), (294, 3), (294, 3), (293, 0), (312, 1), (311, 0), (312, 2), (313, 2), (313, 2), (314, 2), (314, 2), (314, 2), (295, 3), (294, 0), (293, 0), (293, 0), (312, 1), (311, 0), (312, 2), (331, 1), (332, 2), (313, 3), (312, 0), (312, 0), (313, 2), (312, 0), (293, 3), (292, 0), (273, 3), (254, 3), (255, 2), (256, 2)], [(47, 0), (66, 1), (85, 1), (104, 1), (123, 1), (124, 2), (143, 1), (162, 1), (181, 1), (180, 0), (161, 3), (180, 1), (179, 0), (198, 1), (217, 1), (236, 1), (237, 2), (238, 2), (237, 0), (236, 0), (255, 1), (256, 2), (275, 1), (276, 2), (295, 1), (294, 0), (293, 0), (274, 3), (275, 2), (276, 2), (295, 1), (294, 0), (293, 0), (274, 3), (255, 3), (256, 2), (275, 1), (276, 2), (295, 1), (294, 0), (293, 0), (312, 1), (331, 1), (312, 3), (331, 1), (332, 2), (331, 0), (312, 3), (312, 3), (331, 1), (332, 2), (351, 1), (332, 3), (351, 1), (351, 1), (350, 0), (350, 1), (350, 1), (350, 1), (351, 2), (351, 1), (351, 1), (352, 2), (353, 2), (353, 2), (352, 0), (351, 0), (352, 2), (353, 2), (334, 3), (333, 0), (352, 1), (352, 1), (352, 1), (353, 2), (354, 2), (335, 3), (335, 3), (334, 0), (315, 3), (296, 3), (277, 3), (277, 3), (277, 3), (276, 0), (295, 1), (294, 0), (293, 0), (312, 1), (331, 1), (331, 1), (312, 3), (331, 1), (312, 3), (331, 1), (312, 3), (331, 1), (332, 2), (313, 3), (312, 0), (313, 2)], [(47, 0), (66, 1), (85, 1), (104, 1), (123, 1), (124, 2), (143, 1), (162, 1), (181, 1), (180, 0), (161, 3), (180, 1), (179, 0), (198, 1), (217, 1), (236, 1), (237, 2), (238, 2), (237, 0), (236, 0), (255, 1), (256, 2), (275, 1), (276, 2), (295, 1), (294, 0), (293, 0), (294, 2), (294, 2), (294, 2), (295, 2), (295, 2), (295, 2), (294, 0), (293, 0), (312, 1), (331, 1), (332, 2), (313, 3), (294, 3), (294, 3), (313, 1), (314, 2), (313, 0), (312, 0), (311, 0), (330, 1), (311, 3), (310, 0), (329, 1), (330, 2), (330, 2), (330, 2), (331, 2), (330, 0), (311, 3), (311, 3), (330, 1), (331, 2), (312, 3), (312, 3), (312, 3), (312, 3), (331, 1), (332, 2), (313, 3), (294, 3), (293, 0), (312, 1), (331, 1), (332, 2), (331, 0), (312, 3), (331, 1), (332, 2), (351, 1), (352, 2), (352, 1), (352, 1), (352, 1), (351, 0), (351, 1), (350, 0), (349, 0), (349, 0), (330, 3), (349, 1), (330, 3), (311, 3), (292, 3), (293, 2), (294, 2), (275, 3), (294, 1), (295, 2), (294, 0), (313, 1), (312, 0), (312, 0), (312, 0), (331, 1)], [(47, 0), (66, 1), (85, 1), (104, 1), (123, 1), (124, 2), (143, 1), (162, 1), (181, 1), (180, 0), (161, 3), (180, 1), (179, 0), (198, 1), (217, 1), (236, 1), (237, 2), (238, 2), (237, 0), (236, 0), (255, 1), (256, 2), (275, 1), (276, 2), (295, 1), (294, 0), (313, 1), (312, 0), (313, 2), (294, 3), (295, 2), (276, 3), (295, 1), (295, 1), (295, 1), (294, 0), (313, 1), (313, 1), (313, 1), (313, 1), (313, 1), (294, 3), (293, 0), (294, 2), (313, 1), (313, 1), (294, 3), (295, 2), (276, 3), (275, 0), (274, 0), (274, 0), (273, 0), (292, 1), (311, 1), (312, 2), (331, 1), (332, 2), (332, 2), (351, 1), (351, 1), (351, 1), (351, 1), (351, 1), (351, 1), (352, 2), (351, 0), (351, 1), (352, 2), (352, 1), (352, 1), (333, 3), (334, 2), (333, 0), (333, 0), (332, 0), (313, 3), (294, 3), (295, 2), (294, 0), (294, 0), (313, 1), (312, 0), (313, 2), (312, 0), (331, 1), (312, 3), (331, 1), (331, 1), (332, 2), (331, 0), (312, 3), (312, 3), (312, 3), (312, 3), (312, 3), (293, 3), (274, 3), (293, 1), (274, 3), (275, 2)], [(47, 0), (66, 1), (85, 1), (104, 1), (123, 1), (124, 2), (143, 1), (162, 1), (181, 1), (180, 0), (161, 3), (180, 1), (179, 0), (198, 1), (217, 1), (236, 1), (237, 2), (238, 2), (237, 0), (236, 0), (255, 1), (256, 2), (275, 1), (274, 0), (275, 2), (275, 2), (275, 2), (276, 2), (275, 0), (276, 2), (295, 1), (295, 1), (276, 3), (276, 3), (295, 1), (276, 3), (295, 1), (296, 2), (277, 3), (296, 1), (295, 0), (294, 0), (293, 0), (274, 3), (255, 3), (255, 3), (256, 2), (237, 3), (256, 1), (275, 1), (275, 1), (294, 1), (295, 2), (276, 3), (295, 1), (296, 2), (315, 1), (314, 0), (295, 3), (295, 3), (294, 0), (295, 2), (295, 2), (276, 3), (295, 1), (296, 2), (295, 0), (276, 3), (295, 1), (294, 0), (294, 0), (294, 0), (294, 0), (313, 1), (332, 1), (313, 3), (313, 3), (313, 3), (294, 3), (293, 0), (312, 1), (331, 1), (332, 2), (313, 3), (294, 3), (293, 0), (274, 3), (275, 2), (275, 2), (294, 1), (295, 2), (294, 0), (313, 1), (332, 1), (313, 3), (294, 3), (293, 0), (274, 3), (255, 3), (254, 0), (254, 0)], [(47, 0), (66, 1), (85, 1), (104, 1), (123, 1), (124, 2), (143, 1), (162, 1), (181, 1), (180, 0), (161, 3), (180, 1), (179, 0), (198, 1), (217, 1), (236, 1), (237, 2), (238, 2), (237, 0), (236, 0), (255, 1), (256, 2), (275, 1), (276, 2), (295, 1), (294, 0), (313, 1), (294, 3), (293, 0), (312, 1), (312, 1), (331, 1), (312, 3), (313, 2), (294, 3), (294, 3), (275, 3), (275, 3), (276, 2), (295, 1), (294, 0), (313, 1), (332, 1), (313, 3), (294, 3), (293, 0), (312, 1), (331, 1), (331, 1), (312, 3), (293, 3), (294, 2), (294, 2), (293, 0), (293, 0), (312, 1), (331, 1), (332, 2), (313, 3), (294, 3), (293, 0), (312, 1), (293, 3), (274, 3), (275, 2), (276, 2), (295, 1), (294, 0), (294, 0), (313, 1), (332, 1), (313, 3), (313, 3), (294, 3), (293, 0), (312, 1), (331, 1), (332, 2), (313, 3), (313, 3), (313, 3), (313, 3), (294, 3), (293, 0), (312, 1), (311, 0), (330, 1), (331, 2), (350, 1), (331, 3), (330, 0), (311, 3), (312, 2), (311, 0), (310, 0), (291, 3), (292, 2), (291, 0), (272, 3), (253, 3), (253, 3)], [(47, 0), (66, 1), (85, 1), (104, 1), (123, 1), (124, 2), (143, 1), (162, 1), (181, 1), (180, 0), (161, 3), (180, 1), (179, 0), (198, 1), (217, 1), (236, 1), (237, 2), (238, 2), (237, 0), (236, 0), (255, 1), (256, 2), (275, 1), (276, 2), (295, 1), (314, 1), (295, 3), (294, 0), (293, 0), (312, 1), (293, 3), (312, 1), (311, 0), (311, 0), (292, 3), (273, 3), (274, 2), (293, 1), (294, 2), (295, 2), (294, 0), (293, 0), (312, 1), (311, 0), (330, 1), (330, 1), (330, 1), (349, 1), (348, 0), (349, 2), (348, 0), (329, 3), (329, 3), (310, 3), (291, 3), (291, 3), (290, 0), (289, 0), (289, 0), (270, 3), (251, 3), (252, 2), (251, 0), (251, 0), (232, 3), (213, 3), (232, 1), (213, 3), (213, 3), (212, 0), (231, 1), (231, 1), (212, 3), (231, 1), (231, 1), (232, 2), (232, 2), (231, 0), (212, 3), (211, 0), (192, 3), (211, 1), (210, 0), (191, 3), (172, 3), (172, 3), (172, 3), (153, 3), (134, 3), (135, 2), (136, 2), (117, 3), (136, 1), (117, 3), (98, 3), (99, 2), (99, 2), (99, 2), (118, 1), (119, 2), (118, 0)], [(47, 0), (66, 1), (85, 1), (104, 1), (123, 1), (124, 2), (143, 1), (162, 1), (181, 1), (180, 0), (161, 3), (180, 1), (179, 0), (198, 1), (217, 1), (236, 1), (237, 2), (238, 2), (257, 1), (276, 1), (277, 2), (296, 1), (295, 0), (294, 0), (293, 0), (293, 0), (312, 1), (313, 2), (294, 3), (294, 3), (295, 2), (294, 0), (293, 0), (293, 0), (312, 1), (331, 1), (332, 2), (351, 1), (351, 1), (350, 0), (331, 3), (312, 3), (312, 3), (293, 3), (312, 1), (331, 1), (331, 1), (312, 3), (311, 0), (311, 0), (311, 0), (312, 2), (331, 1), (332, 2), (332, 2), (313, 3), (314, 2), (295, 3), (294, 0), (293, 0), (312, 1), (293, 3), (312, 1), (331, 1), (332, 2), (331, 0), (312, 3), (331, 1), (332, 2), (331, 0), (330, 0), (331, 2), (332, 2), (313, 3), (314, 2), (295, 3), (294, 0), (295, 2), (294, 0), (295, 2), (294, 0), (293, 0), (312, 1), (312, 1), (331, 1), (312, 3), (311, 0), (312, 2), (331, 1), (331, 1), (332, 2), (333, 2), (352, 1), (351, 0), (352, 2), (351, 0), (352, 2), (352, 1), (351, 0), (351, 1), (332, 3)], [(47, 0), (66, 1), (85, 1), (104, 1), (123, 1), (124, 2), (143, 1), (162, 1), (181, 1), (180, 0), (161, 3), (180, 1), (179, 0), (198, 1), (217, 1), (236, 1), (237, 2), (238, 2), (257, 1), (276, 1), (277, 2), (296, 1), (295, 0), (294, 0), (293, 0), (294, 2), (295, 2), (294, 0), (293, 0), (312, 1), (331, 1), (332, 2), (313, 3), (294, 3), (295, 2), (294, 0), (293, 0), (274, 3), (275, 2), (256, 3), (257, 2), (276, 1), (277, 2), (296, 1), (295, 0), (294, 0), (295, 2), (295, 2), (276, 3), (276, 3), (277, 2), (296, 1), (296, 1), (295, 0), (294, 0), (294, 0), (293, 0), (293, 0), (274, 3), (293, 1), (293, 1), (274, 3), (275, 2), (276, 2), (277, 2), (296, 1), (296, 1), (296, 1), (295, 0), (294, 0), (294, 0), (295, 2), (294, 0), (275, 3), (256, 3), (237, 3), (256, 1), (275, 1), (276, 2), (277, 2), (296, 1), (296, 1), (296, 1), (296, 1), (296, 1), (296, 1), (295, 0), (294, 0), (295, 2), (294, 0), (313, 1), (313, 1), (312, 0), (311, 0), (292, 3), (293, 2), (312, 1), (331, 1), (332, 2), (333, 2), (314, 3)], [(47, 0), (66, 1), (85, 1), (104, 1), (123, 1), (124, 2), (143, 1), (162, 1), (181, 1), (180, 0), (161, 3), (180, 1), (179, 0), (198, 1), (217, 1), (236, 1), (237, 2), (238, 2), (257, 1), (276, 1), (277, 2), (296, 1), (296, 1), (296, 1), (296, 1), (295, 0), (294, 0), (313, 1), (313, 1), (294, 3), (293, 0), (312, 1), (311, 0), (292, 3), (273, 3), (254, 3), (254, 3), (254, 3), (255, 2), (256, 2), (275, 1), (276, 2), (295, 1), (294, 0), (295, 2), (276, 3), (277, 2), (296, 1), (296, 1), (296, 1), (277, 3), (276, 0), (276, 0), (275, 0), (276, 2), (295, 1), (294, 0), (295, 2), (276, 3), (276, 3), (277, 2), (296, 1), (296, 1), (296, 1), (295, 0), (294, 0), (313, 1), (312, 0), (313, 2), (313, 2), (312, 0), (313, 2), (332, 1), (351, 1), (350, 0), (349, 0), (330, 3), (331, 2), (312, 3), (293, 3), (312, 1), (331, 1), (332, 2), (313, 3), (294, 3), (293, 0), (293, 0), (312, 1), (312, 1), (311, 0), (312, 2), (331, 1), (332, 2), (332, 2), (331, 0), (330, 0), (311, 3), (311, 3), (312, 2), (331, 1), (332, 2)], [(47, 0), (66, 1), (85, 1), (104, 1), (123, 1), (124, 2), (143, 1), (162, 1), (181, 1), (180, 0), (161, 3), (180, 1), (179, 0), (198, 1), (217, 1), (236, 1), (237, 2), (238, 2), (257, 1), (276, 1), (275, 0), (276, 2), (295, 1), (314, 1), (315, 2), (296, 3), (277, 3), (296, 1), (296, 1), (295, 0), (295, 0), (294, 0), (313, 1), (332, 1), (351, 1), (332, 3), (313, 3), (294, 3), (294, 3), (293, 0), (294, 2), (295, 2), (294, 0), (313, 1), (313, 1), (332, 1), (331, 0), (312, 3), (293, 3), (294, 2), (275, 3), (276, 2), (295, 1), (294, 0), (313, 1), (332, 1), (331, 0), (332, 2), (313, 3), (313, 3), (294, 3), (295, 2), (296, 2), (296, 2), (296, 2), (277, 3), (296, 1), (295, 0), (295, 0), (294, 0), (313, 1), (332, 1), (332, 1), (313, 3), (294, 3), (295, 2), (276, 3), (277, 2), (296, 1), (296, 1), (296, 1), (295, 0), (294, 0), (294, 0), (293, 0), (293, 0), (294, 2), (295, 2), (295, 2), (276, 3), (277, 2), (296, 1), (295, 0), (295, 0), (294, 0), (295, 2), (296, 2), (277, 3), (278, 2), (297, 1), (316, 1)], [(47, 0), (66, 1), (85, 1), (104, 1), (123, 1), (124, 2), (143, 1), (162, 1), (181, 1), (180, 0), (161, 3), (180, 1), (179, 0), (198, 1), (217, 1), (236, 1), (237, 2), (238, 2), (257, 1), (276, 1), (277, 2), (296, 1), (296, 1), (296, 1), (295, 0), (295, 0), (294, 0), (294, 0), (294, 0), (275, 3), (256, 3), (257, 2), (276, 1), (277, 2), (296, 1), (295, 0), (294, 0), (313, 1), (294, 3), (294, 3), (313, 1), (313, 1), (294, 3), (295, 2), (294, 0), (294, 0), (294, 0), (313, 1), (313, 1), (313, 1), (312, 0), (313, 2), (294, 3), (275, 3), (256, 3), (257, 2), (276, 1), (275, 0), (276, 2), (277, 2), (296, 1), (295, 0), (294, 0), (294, 0), (313, 1), (313, 1), (294, 3), (293, 0), (294, 2), (295, 2), (294, 0), (313, 1), (332, 1), (313, 3), (313, 3), (312, 0), (293, 3), (294, 2), (313, 1), (313, 1), (332, 1), (351, 1), (332, 3), (331, 0), (312, 3), (331, 1), (332, 2), (313, 3), (313, 3), (294, 3), (293, 0), (294, 2), (275, 3), (256, 3), (257, 2), (276, 1), (275, 0), (276, 2), (295, 1), (294, 0), (294, 0)], [(47, 0), (66, 1), (85, 1), (104, 1), (123, 1), (124, 2), (143, 1), (162, 1), (181, 1), (180, 0), (161, 3), (180, 1), (179, 0), (198, 1), (217, 1), (236, 1), (237, 2), (238, 2), (257, 1), (276, 1), (277, 2), (296, 1), (296, 1), (296, 1), (296, 1), (295, 0), (294, 0), (293, 0), (293, 0), (294, 2), (293, 0), (292, 0), (311, 1), (292, 3), (311, 1), (292, 3), (273, 3), (272, 0), (273, 2), (292, 1), (292, 1), (291, 0), (290, 0), (291, 2), (272, 3), (273, 2), (273, 2), (273, 2), (292, 1), (273, 3), (254, 3), (255, 2), (256, 2), (275, 1), (276, 2), (295, 1), (294, 0), (293, 0), (274, 3), (275, 2), (256, 3), (257, 2), (276, 1), (277, 2), (296, 1), (295, 0), (294, 0), (294, 0), (293, 0), (293, 0), (274, 3), (293, 1), (293, 1), (292, 0), (273, 3), (274, 2), (274, 2), (274, 2), (255, 3), (256, 2), (257, 2), (276, 1), (277, 2), (296, 1), (296, 1), (295, 0), (294, 0), (313, 1), (332, 1), (332, 1), (333, 2), (334, 2), (315, 3), (296, 3), (295, 0), (314, 1), (313, 0), (312, 0), (293, 3), (274, 3), (255, 3)], [(47, 0), (66, 1), (85, 1), (104, 1), (123, 1), (124, 2), (143, 1), (162, 1), (181, 1), (180, 0), (161, 3), (180, 1), (179, 0), (198, 1), (217, 1), (236, 1), (237, 2), (238, 2), (257, 1), (276, 1), (257, 3), (257, 3), (276, 1), (277, 2), (296, 1), (296, 1), (296, 1), (296, 1), (296, 1), (295, 0), (276, 3), (277, 2), (296, 1), (295, 0), (295, 0), (295, 0), (295, 0), (276, 3), (295, 1), (276, 3), (276, 3), (295, 1), (294, 0), (293, 0), (294, 2), (295, 2), (294, 0), (294, 0), (293, 0), (312, 1), (312, 1), (293, 3), (293, 3), (274, 3), (275, 2), (294, 1), (313, 1), (294, 3), (294, 3), (293, 0), (274, 3), (255, 3), (254, 0), (255, 2), (256, 2), (257, 2), (256, 0), (275, 1), (276, 2), (277, 2), (296, 1), (295, 0), (294, 0), (293, 0), (294, 2), (275, 3), (276, 2), (277, 2), (296, 1), (296, 1), (295, 0), (295, 0), (295, 0), (295, 0), (295, 0), (295, 0), (276, 3), (277, 2), (296, 1), (295, 0), (294, 0), (295, 2), (294, 0), (294, 0), (294, 0), (294, 0), (294, 0), (293, 0), (293, 0), (312, 1), (311, 0)], [(47, 0), (66, 1), (85, 1), (104, 1), (123, 1), (124, 2), (143, 1), (162, 1), (181, 1), (180, 0), (161, 3), (180, 1), (179, 0), (198, 1), (217, 1), (236, 1), (237, 2), (238, 2), (257, 1), (276, 1), (277, 2), (276, 0), (295, 1), (295, 1), (314, 1), (333, 1), (332, 0), (313, 3), (294, 3), (295, 2), (314, 1), (333, 1), (332, 0), (331, 0), (332, 2), (332, 2), (313, 3), (294, 3), (293, 0), (292, 0), (293, 2), (294, 2), (275, 3), (256, 3), (255, 0), (274, 1), (293, 1), (274, 3), (275, 2), (275, 2), (256, 3), (275, 1), (294, 1), (295, 2), (314, 1), (333, 1), (332, 0), (313, 3), (294, 3), (293, 0), (312, 1), (331, 1), (350, 1), (331, 3), (330, 0), (331, 2), (331, 2), (350, 1), (351, 2), (332, 3), (313, 3), (312, 0), (312, 0), (311, 0), (311, 0), (312, 2), (311, 0), (311, 0), (312, 2), (331, 1), (332, 2), (313, 3), (312, 0), (293, 3), (312, 1), (293, 3), (293, 3), (312, 1), (313, 2), (313, 2), (294, 3), (295, 2), (314, 1), (333, 1), (332, 0), (313, 3), (294, 3), (294, 3), (294, 3), (294, 3), (275, 3)], [(47, 0), (66, 1), (85, 1), (104, 1), (123, 1), (124, 2), (143, 1), (162, 1), (181, 1), (180, 0), (161, 3), (180, 1), (179, 0), (198, 1), (217, 1), (236, 1), (237, 2), (238, 2), (257, 1), (276, 1), (277, 2), (276, 0), (295, 1), (314, 1), (333, 1), (332, 0), (331, 0), (312, 3), (331, 1), (332, 2), (313, 3), (312, 0), (293, 3), (294, 2), (295, 2), (276, 3), (277, 2), (276, 0), (295, 1), (314, 1), (333, 1), (332, 0), (331, 0), (331, 0), (332, 2), (313, 3), (314, 2), (295, 3), (294, 0), (294, 0), (313, 1), (332, 1), (351, 1), (351, 1), (332, 3), (313, 3), (294, 3), (293, 0), (294, 2), (295, 2), (314, 1), (333, 1), (332, 0), (333, 2), (314, 3), (315, 2), (314, 0), (295, 3), (294, 0), (293, 0), (294, 2), (294, 2), (313, 1), (313, 1), (294, 3), (294, 3), (293, 0), (293, 0), (274, 3), (255, 3), (255, 3), (255, 3), (236, 3), (217, 3), (198, 3), (217, 1), (236, 1), (237, 2), (238, 2), (257, 1), (276, 1), (277, 2), (276, 0), (295, 1), (314, 1), (333, 1), (332, 0), (332, 0), (332, 0), (313, 3), (312, 0)], [(47, 0), (66, 1), (85, 1), (104, 1), (123, 1), (124, 2), (143, 1), (162, 1), (181, 1), (180, 0), (161, 3), (180, 1), (179, 0), (198, 1), (217, 1), (236, 1), (237, 2), (238, 2), (257, 1), (276, 1), (277, 2), (276, 0), (295, 1), (276, 3), (277, 2), (276, 0), (295, 1), (314, 1), (333, 1), (352, 1), (333, 3), (332, 0), (331, 0), (332, 2), (313, 3), (312, 0), (293, 3), (312, 1), (312, 1), (331, 1), (330, 0), (331, 2), (331, 2), (332, 2), (313, 3), (312, 0), (293, 3), (274, 3), (273, 0), (273, 0), (274, 2), (275, 2), (256, 3), (257, 2), (276, 1), (277, 2), (276, 0), (295, 1), (314, 1), (333, 1), (352, 1), (333, 3), (332, 0), (313, 3), (294, 3), (294, 3), (275, 3), (276, 2), (275, 0), (276, 2), (277, 2), (276, 0), (295, 1), (314, 1), (333, 1), (352, 1), (333, 3), (314, 3), (295, 3), (296, 2), (296, 2), (315, 1), (334, 1), (315, 3), (296, 3), (277, 3), (276, 0), (295, 1), (314, 1), (313, 0), (313, 0), (313, 0), (312, 0), (293, 3), (312, 1), (293, 3), (274, 3), (255, 3), (255, 3), (256, 2), (237, 3)], [(47, 0), (66, 1), (85, 1), (104, 1), (123, 1), (124, 2), (143, 1), (162, 1), (181, 1), (180, 0), (161, 3), (180, 1), (179, 0), (198, 1), (217, 1), (236, 1), (237, 2), (238, 2), (239, 2), (220, 3), (239, 1), (240, 2), (240, 2), (241, 2), (260, 1), (261, 2), (262, 2), (263, 2), (263, 2), (282, 1), (263, 3), (282, 1), (282, 1), (281, 0), (300, 1), (319, 1), (319, 1), (320, 2), (321, 2), (320, 0), (320, 0), (339, 1), (339, 1), (339, 1), (338, 0), (339, 2), (339, 2), (358, 1), (358, 1), (358, 1), (339, 3), (320, 3), (321, 2), (322, 2), (322, 2), (341, 1), (322, 3), (341, 1), (322, 3), (322, 2), (322, 2), (341, 1), (341, 1), (322, 3), (303, 3), (322, 1), (341, 1), (360, 1), (360, 1), (341, 3), (340, 0), (341, 2), (341, 2), (341, 2), (322, 3), (322, 3), (341, 1), (341, 2), (360, 1), (360, 2), (360, 2), (341, 3), (322, 3), (341, 1), (340, 0), (341, 2), (322, 3), (321, 0), (340, 1), (359, 1), (358, 0), (358, 0), (359, 2), (359, 1), (360, 2), (359, 0), (359, 1), (358, 0), (357, 0), (356, 0), (337, 3)], [(47, 0), (66, 1), (85, 1), (104, 1), (123, 1), (124, 2), (143, 1), (162, 1), (181, 1), (180, 0), (161, 3), (180, 1), (179, 0), (198, 1), (217, 1), (236, 1), (237, 2), (238, 2), (257, 1), (276, 1), (277, 2), (278, 2), (279, 2), (260, 3), (259, 0), (258, 0), (257, 0), (258, 2), (258, 2), (239, 3), (238, 0), (257, 1), (276, 1), (277, 2), (296, 1), (295, 0), (276, 3), (277, 2), (296, 1), (295, 0), (294, 0), (313, 1), (294, 3), (294, 3), (293, 0), (293, 0), (292, 0), (293, 2), (293, 2), (312, 1), (331, 1), (331, 1), (331, 1), (332, 2), (332, 2), (331, 0), (332, 2), (333, 2), (352, 1), (333, 3), (332, 0), (313, 3), (314, 2), (313, 0), (313, 0), (313, 0), (332, 1), (313, 3), (312, 0), (311, 0), (310, 0), (291, 3), (272, 3), (273, 2), (274, 2), (293, 1), (294, 2), (275, 3), (276, 2), (276, 2), (276, 2), (277, 2), (296, 1), (295, 0), (295, 0), (295, 0), (295, 0), (294, 0), (295, 2), (314, 1), (314, 1), (313, 0), (332, 1), (313, 3), (312, 0), (293, 3), (312, 1), (313, 2), (312, 0), (293, 3), (293, 3)], [(47, 0), (66, 1), (85, 1), (104, 1), (123, 1), (124, 2), (143, 1), (162, 1), (181, 1), (180, 0), (161, 3), (180, 1), (179, 0), (198, 1), (217, 1), (236, 1), (237, 2), (238, 2), (257, 1), (276, 1), (277, 2), (296, 1), (295, 0), (294, 0), (293, 0), (274, 3), (255, 3), (236, 3), (237, 2), (238, 2), (257, 1), (276, 1), (277, 2), (296, 1), (295, 0), (295, 0), (294, 0), (293, 0), (293, 0), (293, 0), (292, 0), (273, 3), (272, 0), (273, 2), (254, 3), (253, 0), (272, 1), (272, 1), (273, 2), (292, 1), (311, 1), (330, 1), (331, 2), (331, 2), (332, 2), (333, 2), (314, 3), (315, 2), (314, 0), (314, 0), (295, 3), (294, 0), (295, 2), (295, 2), (314, 1), (313, 0), (332, 1), (313, 3), (312, 0), (293, 3), (294, 2), (313, 1), (294, 3), (294, 3), (295, 2), (314, 1), (314, 1), (313, 0), (332, 1), (313, 3), (312, 0), (293, 3), (294, 2), (295, 2), (314, 1), (313, 0), (332, 1), (313, 3), (312, 0), (293, 3), (294, 2), (295, 2), (276, 3), (277, 2), (296, 1), (295, 0), (276, 3), (276, 3), (295, 1), (295, 1), (314, 1)], [(47, 0), (66, 1), (85, 1), (104, 1), (123, 1), (124, 2), (143, 1), (162, 1), (181, 1), (180, 0), (161, 3), (180, 1), (179, 0), (198, 1), (217, 1), (236, 1), (237, 2), (238, 2), (237, 0), (237, 0), (236, 0), (237, 2), (238, 2), (257, 1), (276, 1), (277, 2), (296, 1), (295, 0), (294, 0), (275, 3), (276, 2), (277, 2), (276, 0), (257, 3), (256, 0), (256, 0), (256, 0), (256, 0), (256, 0), (256, 0), (255, 0), (254, 0), (254, 0), (255, 2), (274, 1), (273, 0), (273, 0), (274, 2), (273, 0), (274, 2), (273, 0), (254, 3), (255, 2), (256, 2), (257, 2), (276, 1), (277, 2), (296, 1), (295, 0), (294, 0), (295, 2), (295, 2), (314, 1), (313, 0), (332, 1), (313, 3), (312, 0), (313, 2), (312, 0), (313, 2), (294, 3), (293, 0), (294, 2), (293, 0), (312, 1), (312, 1), (313, 2), (312, 0), (313, 2), (312, 0), (293, 3), (294, 2), (275, 3), (276, 2), (277, 2), (276, 0), (295, 1), (276, 3), (276, 3), (276, 3), (277, 2), (277, 2), (296, 1), (295, 0), (295, 0), (295, 0), (294, 0), (293, 0), (292, 0), (273, 3), (254, 3)], [(47, 0), (66, 1), (85, 1), (104, 1), (123, 1), (124, 2), (143, 1), (162, 1), (181, 1), (180, 0), (161, 3), (180, 1), (179, 0), (198, 1), (217, 1), (236, 1), (237, 2), (238, 2), (257, 1), (276, 1), (277, 2), (258, 3), (277, 1), (296, 1), (296, 1), (296, 1), (295, 0), (295, 0), (276, 3), (276, 3), (295, 1), (294, 0), (294, 0), (295, 2), (314, 1), (333, 1), (314, 3), (313, 0), (332, 1), (331, 0), (332, 2), (351, 1), (352, 2), (351, 0), (351, 0), (352, 2), (333, 3), (332, 0), (351, 1), (350, 0), (331, 3), (312, 3), (313, 2), (312, 0), (293, 3), (274, 3), (255, 3), (236, 3), (237, 2), (238, 2), (219, 3), (218, 0), (217, 0), (198, 3), (217, 1), (236, 1), (237, 2), (238, 2), (257, 1), (276, 1), (275, 0), (274, 0), (255, 3), (236, 3), (237, 2), (238, 2), (257, 1), (276, 1), (277, 2), (276, 0), (295, 1), (294, 0), (313, 1), (294, 3), (294, 3), (293, 0), (294, 2), (295, 2), (314, 1), (314, 1), (313, 0), (332, 1), (331, 0), (331, 0), (332, 2), (313, 3), (312, 0), (293, 3), (274, 3), (275, 2), (276, 2)], [(47, 0), (66, 1), (85, 1), (104, 1), (123, 1), (124, 2), (143, 1), (162, 1), (181, 1), (180, 0), (161, 3), (180, 1), (179, 0), (198, 1), (217, 1), (236, 1), (237, 2), (238, 2), (238, 2), (237, 0), (236, 0), (255, 1), (274, 1), (275, 2), (276, 2), (276, 2), (276, 2), (295, 1), (295, 1), (294, 0), (294, 0), (294, 0), (294, 0), (293, 0), (294, 2), (295, 2), (314, 1), (295, 3), (295, 3), (276, 3), (275, 0), (276, 2), (276, 2), (276, 2), (295, 1), (294, 0), (313, 1), (332, 1), (351, 1), (350, 0), (331, 3), (350, 1), (331, 3), (332, 2), (313, 3), (312, 0), (313, 2), (312, 0), (293, 3), (294, 2), (313, 1), (294, 3), (313, 1), (332, 1), (332, 1), (333, 2), (314, 3), (333, 1), (352, 1), (333, 3), (332, 0), (331, 0), (332, 2), (313, 3), (312, 0), (293, 3), (294, 2), (275, 3), (275, 3), (294, 1), (295, 2), (295, 2), (314, 1), (333, 1), (352, 1), (333, 3), (332, 0), (313, 3), (312, 0), (313, 2), (332, 1), (313, 3), (312, 0), (293, 3), (293, 3), (274, 3), (275, 2), (276, 2), (295, 1), (295, 1), (276, 3)], [(47, 0), (66, 1), (85, 1), (104, 1), (123, 1), (124, 2), (143, 1), (162, 1), (181, 1), (180, 0), (161, 3), (180, 1), (179, 0), (198, 1), (217, 1), (236, 1), (237, 2), (238, 2), (257, 1), (276, 1), (295, 1), (314, 1), (315, 2), (314, 0), (295, 3), (294, 0), (313, 1), (294, 3), (294, 3), (313, 1), (294, 3), (294, 3), (313, 1), (313, 1), (294, 3), (313, 1), (294, 3), (294, 3), (294, 3), (313, 1), (294, 3), (295, 2), (294, 0), (293, 0), (292, 0), (292, 0), (291, 0), (292, 2), (273, 3), (292, 1), (293, 2), (274, 3), (274, 3), (275, 2), (294, 1), (313, 1), (313, 1), (294, 3), (313, 1), (294, 3), (313, 1), (312, 0), (311, 0), (292, 3), (293, 2), (294, 2), (275, 3), (276, 2), (275, 0), (256, 3), (257, 2), (276, 1), (295, 1), (294, 0), (313, 1), (294, 3), (313, 1), (313, 1), (294, 3), (294, 3), (313, 1), (294, 3), (293, 0), (292, 0), (273, 3), (254, 3), (254, 3), (235, 3), (216, 3), (235, 1), (235, 1), (236, 2), (237, 2), (238, 2), (257, 1), (276, 1), (295, 1), (294, 0), (313, 1), (294, 3), (275, 3)], [(47, 0), (66, 1), (85, 1), (104, 1), (123, 1), (124, 2), (143, 1), (162, 1), (181, 1), (180, 0), (161, 3), (180, 1), (179, 0), (198, 1), (217, 1), (236, 1), (237, 2), (238, 2), (257, 1), (276, 1), (277, 2), (276, 0), (257, 3), (256, 0), (275, 1), (276, 2), (295, 1), (295, 1), (314, 1), (333, 1), (333, 1), (352, 1), (333, 3), (332, 0), (313, 3), (312, 0), (311, 0), (292, 3), (293, 2), (312, 1), (312, 1), (312, 1), (293, 3), (292, 0), (311, 1), (330, 1), (331, 2), (332, 2), (313, 3), (332, 1), (333, 2), (334, 2), (335, 2), (334, 0), (333, 0), (352, 1), (333, 3), (332, 0), (332, 0), (331, 0), (312, 3), (312, 3), (312, 3), (312, 3), (293, 3), (312, 1), (312, 1), (331, 1), (330, 0), (329, 0), (310, 3), (311, 2), (330, 1), (331, 2), (332, 2), (313, 3), (294, 3), (295, 2), (276, 3), (277, 2), (277, 2), (276, 0), (295, 1), (314, 1), (314, 1), (333, 1), (352, 1), (333, 3), (332, 0), (331, 0), (331, 0), (332, 2), (313, 3), (314, 2), (295, 3), (276, 3), (277, 2), (276, 0), (295, 1), (294, 0), (293, 0)], [(47, 0), (66, 1), (85, 1), (104, 1), (123, 1), (124, 2), (143, 1), (162, 1), (181, 1), (180, 0), (161, 3), (180, 1), (179, 0), (198, 1), (217, 1), (236, 1), (237, 2), (238, 2), (257, 1), (276, 1), (295, 1), (296, 2), (315, 1), (296, 3), (295, 0), (314, 1), (314, 1), (295, 3), (294, 0), (294, 0), (295, 2), (276, 3), (276, 3), (276, 3), (277, 2), (276, 0), (275, 0), (256, 3), (237, 3), (236, 0), (237, 2), (238, 2), (257, 1), (276, 1), (295, 1), (295, 1), (276, 3), (277, 2), (276, 0), (295, 1), (294, 0), (313, 1), (332, 1), (331, 0), (312, 3), (313, 2), (312, 0), (311, 0), (292, 3), (293, 2), (294, 2), (293, 0), (274, 3), (293, 1), (292, 0), (293, 2), (312, 1), (312, 1), (293, 3), (293, 3), (293, 3), (294, 2), (294, 2), (313, 1), (314, 2), (315, 2), (316, 2), (316, 2), (297, 3), (298, 2), (317, 1), (318, 2), (299, 3), (299, 3), (299, 3), (280, 3), (261, 3), (242, 3), (243, 2), (243, 2), (244, 2), (263, 1), (244, 3), (263, 1), (262, 0), (261, 0), (280, 1), (281, 2), (300, 1), (299, 0), (280, 3)], [(47, 0), (66, 1), (85, 1), (104, 1), (123, 1), (124, 2), (143, 1), (162, 1), (181, 1), (180, 0), (161, 3), (180, 1), (179, 0), (198, 1), (217, 1), (236, 1), (237, 2), (238, 2), (257, 1), (276, 1), (277, 2), (277, 2), (296, 1), (295, 0), (314, 1), (333, 1), (352, 1), (333, 3), (332, 0), (313, 3), (294, 3), (293, 0), (312, 1), (313, 2), (312, 0), (312, 0), (331, 1), (332, 2), (313, 3), (313, 3), (294, 3), (293, 0), (274, 3), (255, 3), (256, 2), (255, 0), (274, 1), (293, 1), (312, 1), (293, 3), (294, 2), (313, 1), (332, 1), (313, 3), (294, 3), (313, 1), (294, 3), (293, 0), (294, 2), (275, 3), (294, 1), (313, 1), (294, 3), (293, 0), (293, 0), (293, 0), (274, 3), (255, 3), (236, 3), (217, 3), (198, 3), (217, 1), (236, 1), (237, 2), (238, 2), (237, 0), (236, 0), (237, 2), (238, 2), (257, 1), (276, 1), (295, 1), (314, 1), (333, 1), (352, 1), (333, 3), (332, 0), (313, 3), (294, 3), (293, 0), (274, 3), (255, 3), (236, 3), (237, 2), (238, 2), (257, 1), (276, 1), (257, 3), (276, 1), (295, 1), (314, 1)]]",False,11.019944190979004,,,1,7136a_00826,7a1a67823b434dcd87012be3c8916fba,2022-08-15_21-27-51,1660595271,11.019944190979004,92423,richards-mbp-2.lan,127.0.0.1,11.019944190979004,0,1,0.2703113555908203
